Place,Car Num,Team,Penalty,Cost Score,Presentation Score,Design Score,Acceleration Score,Skid Pad Score,Autocross Score,Endurance Score,Efficiency Score,Total Score,Adjusted Cost,Price Score (30),Cost Accuracy (15),Engineering Drawings (15),Scenario Score (40),Average Adjusted Laptime,Laps Completed,Fuel Used(ltr),Adjusted CO2(kg),Average Adjusted CO2 per Lap,Fuel Type,Fuel Efficiency Factor,Best Acceleration Time,Best Autocross Time,Endurance Time,Endurance Laps,Off Course,Endurance Penalty,Adjusted Endurance Time,Endurance Time Score,Endurance Laps Score,Best Skidpad Time,Engine Cylinders,Engine Displacement (cc),Weight (kg)
<=75,49.0,Arizona State Univ - Tempe,,78.1,51.5,90.0,,,,,,219.6,18687.0,18.1,14.0,14.0,32.0,,,,,,,,,,,,,,,,,,4.0,600.0,212.7
<=25,30.0,Brown Univ,,87.2,59.7,100.0,>=60,>=15,>=90,>=200,36.5,664.9,14999.0,23.2,12.0,14.0,38.0,141.719,10.0,4.554,10.519,1.0519,100,0.481,4.828,53.040,1397.191,10.0,1.0,,1417.191,180.7,25.0,,4.0,599.0,200.9
<=50,148.0,CEFET-MG,,82.5,67.7,139.0,>=80,>=50,>=90,>=10,,543.0,14834.0,23.5,14.0,15.0,30.0,,,,,,,,4.356,53.085,,,,,,,,5.291,4.0,600.0,212.3
<=50,89.0,California State Poly Univ - Pomona,,72.0,18.2,100.0,>=80,>=40,<50,>=125,23.4,478.7,20188.0,16.0,12.0,10.0,34.0,158.635,10.0,6.649,10.97,1.097,E85,0.412,4.374,72.604,1546.353,10.0,2.0,,1586.353,102.2,25.0,5.515,4.0,600.0,214.1
<=100,67.0,California State Univ - Fullerton,,47.7,61.0,60.0,,,,,,168.7,26432.0,7.2,12.0,14.0,14.5,,,,,,,,,,,,,,,,,,2.0,689.0,215.9
<=25,84.0,California State Univ - Northridge,,85.9,38.9,100.0,>=80,>=40,>=90,>=175,59.2,713.0,14551.0,23.9,15.0,15.0,32.0,142.879,10.0,3.617,8.355,0.8355,100,0.6,4.38,52.797,1382.793,10.0,2.0,,1428.793,174.7,25.0,5.49,4.0,600.0,196.0
<=100,55.0,Carleton Univ,,72.3,38.0,80.0,,,,,,190.3,16382.0,21.3,12.0,12.0,27.0,,,,,,,,,,,,,,,,,,1.0,450.0,179.6
<=75,50.0,Clarkson University,,57.8,18.5,60.0,>=50,>=40,>=60,<25,,304.6,17464.0,19.8,12.0,11.0,15.0,,,,,,,,4.981,58.733,,,,,,,,5.511,4.0,600.0,224.1
<=50,58.0,Clemson Univ,,54.6,54.0,80.0,>=60,>=50,>=80,>=10,,409.7,28287.0,4.6,12.0,14.0,24.0,,,,,,,,4.687,54.270,,,,,,,,5.375,4.0,636.0,215.5
<=100,99.0,Colorado Mesa University,,58.1,5.0,40.0,>=50,>=15,<50,>=10,,205.1,20461.0,,,,,,,,,,,,4.992,74.405,,,,,,,,5.938,2.0,650.0,210.5
<=50,23.0,Colorado School of Mines,,62.5,38.2,80.0,<50,>=40,>=90,>=150,46.2,535.0,22618.0,12.5,10.0,14.0,26.0,151.178,10.0,5.402,8.913,0.8913,E85,0.532,7.833,53.136,1487.777,10.0,1.0,,1511.777,134.6,25.0,5.44,4.0,599.0,202.8
<=75,44.0,Colorado State University,,54.7,19.1,60.0,>=80,>=40,>=70,>=10,,341.9,26097.0,7.7,10.0,11.0,26.0,,,,,,,,4.468,57.076,,,,,,,,5.512,4.0,600.0,221.8
<=25,34.0,Duke Univ,,75.8,71.3,80.0,>=70,>=30,>=80,>=175,48.9,669.1,20317.0,15.8,8.0,14.0,38.0,142.99,10.0,3.974,9.179,0.9179,100,0.546,4.562,54.670,1423.899,10.0,,,1429.899,174.2,25.0,5.7,2.0,689.0,205.0
<=25,32.0,Embry-Riddle Aero Univ - Daytona Beach,,31.9,68.9,80.0,>90,>=40,>=80,>=200,32.3,649.2,30554.0,1.4,13.0,11.0,6.5,142.535,10.0,4.743,10.956,1.0956,100,0.459,4.169,54.508,1403.346,10.0,1.0,,1425.346,176.5,25.0,5.45,4.0,600.0,206.8
<=75,79.0,Florida Atlantic Univ,,54.1,18.8,60.0,>=50,>=15,<50,>=25,,272.4,18631.0,,,,,,,,,,,,5.02,62.407,2033.968,10.0,4.0,30.0,2217.968,-,25.0,5.958,4.0,610.0,207.7
<=100,57.0,Florida International Univ,,62.3,16.5,35.0,>=60,<15,<50,>=10,,218.9,16391.0,,,,,,,,,,,,4.829,66.042,,,,,,,,7.018,2.0,650.0,222.3
<=5,38.0,Georgia Institute of Technology,,83.1,43.8,100.0,>=80,>=40,>100,>250,51.7,804.7,18342.0,18.5,13.0,13.0,38.5,129.53,10.0,4.269,9.861,0.9861,93,0.561,4.471,49.231,1289.297,10.0,,,1295.297,250.0,25.0,5.463,4.0,600.0,213.2
>100,113.0,Grand Canyon University,,18.9,16.1,30.0,,,,,,65.0,19530.0,,,,,,,,,,,,,,,,,,,,,,1.0,690.0,257.2
<=75,64.0,Grand Valley State Univ,,65.5,19.1,60.0,>=60,>=15,<50,>=25,,292.2,26886.0,6.5,10.0,12.0,37.0,,,,,,,,4.805,62.438,1841.841,10.0,2.0,,1883.841,-,25.0,,4.0,600.0,254.9
>100,126.0,ITESM - Campus Cuernavaca,,15.5,10.0,10.0,,,,,,35.5,18392.0,18.5,2.0,5.0,-10.0,,,,,,,,,,,,,,,,,,4.0,636.0,324.8
<=25,7.0,Instituto Maua de Tecnologia,,88.8,54.3,129.0,>=80,>=50,>=80,>=100,52.0,646.2,16758.0,20.8,15.0,15.0,38.0,164.521,10.0,4.696,7.748,0.7748,E85,0.562,4.429,54.963,1511.211,10.0,1.0,114.0,1645.211,78.7,25.0,,3.0,675.0,191.9
>100,134.0,Instituto Tecnologico de Estudios Superi,,14.0,5.0,20.0,,,,,,39.0,,,,,,,,,,,,,,,,,,,,,,,4.0,600.0,
<=5,10.0,Kansas State Univ,,66.8,70.6,100.0,>=70,>=50,>100,>250,48.7,778.7,20978.0,14.8,11.0,8.0,33.0,132.54,10.0,6.012,9.919,0.9919,E85,0.545,4.56,52.019,1325.399,10.0,,,1325.399,231.7,25.0,5.306,3.0,675.0,210.5
<=75,119.0,Kennesaw State University,,93.8,15.9,80.0,<50,>=50,>=60,>=10,,361.7,11767.0,27.8,13.0,13.0,40.0,,,,,,,,5.054,58.888,,,,,,,,5.431,4.0,600.0,205.5
<=100,27.0,Kettering Univ,,63.1,11.9,60.0,,,,,,134.9,17972.0,19.1,14.0,5.0,25.0,,,,,,,,,,,,,,,,,,1.0,449.0,170.1
<=100,33.0,Lakehead Univ,,47.0,45.9,40.0,,,,,,132.9,18733.0,,,,,,,,,,,,,,,,,,,,,,1.0,693.0,250.4
<=75,69.0,Lawrence Technological Univ,,62.3,19.6,40.0,>=50,>=40,>=50,,,276.6,15641.0,,,,,,,,,,,,4.994,59.791,,,,,,,,5.485,2.0,689.0,244.0
<=50,31.0,Lehigh Univ,,67.5,17.6,60.0,>=50,>=15,>=70,>=150,100.0,558.0,15858.0,22.0,8.0,13.0,24.5,152.43,10.0,3.496,5.768,0.5768,E85,0.815,4.963,56.070,1520.303,10.0,,,1524.303,129.0,25.0,5.801,1.0,450.0,168.7
<=50,118.0,Liberty Univ,,83.2,14.1,60.0,>=70,>=15,>=70,>=125,41.9,521.6,15719.0,22.2,14.0,13.0,34.0,153.964,10.0,3.957,9.14,0.914,93,0.509,4.554,55.716,1525.635,10.0,,,1539.635,122.2,25.0,,4.0,600.0,222.3
<=50,93.0,Michigan Tech Univ,,76.4,14.2,100.0,>=80,>=40,>=70,>=10,,412.8,16281.0,21.4,13.0,14.0,28.0,,,,,,,,4.34,56.818,,,,,,,,5.437,2.0,500.0,205.0
<=50,45.0,Minnesota State University - Mankato,,78.9,43.1,80.0,>=70,>=40,>=70,>=100,24.3,549.1,15591.0,22.4,14.5,13.0,29.0,160.15,10.0,4.187,9.671,1.0746,93,0.417,4.518,55.772,1573.495,10.0,1.0,,1601.495,96.0,25.0,5.494,4.0,600.0,216.8
<=75,75.0,Mississippi State Univ,,77.4,66.9,75.0,<50,>=15,>=90,<25,,383.8,20610.0,15.4,15.0,15.0,32.0,,,,,,,,5.055,53.548,,,,,,,,6.057,1.0,450.0,182.3
<=100,78.0,Missouri State University,,56.3,32.8,40.0,,,,,,129.1,18486.0,,,,,,,,,,,,,,,,,,,,,,1.0,450.0,168.3
<=25,98.0,Missouri University of Science and Tech,,70.5,67.8,100.0,>=70,>=50,>=70,>=150,30.2,623.6,18760.0,18.0,11.5,12.0,29.0,152.886,10.0,4.532,10.468,1.0468,100,0.448,4.564,56.061,1490.862,10.0,1.0,,1528.862,126.9,25.0,5.403,4.0,636.0,220.0
<=100,40.0,Montana State Univ - Bozeman,,42.2,20.0,20.0,,,,,,82.2,12182.0,27.2,7.0,11.0,17.0,,,,,,,,,,,,,,,,,,4.0,600.0,318.9
<=50,128.0,North Carolina State Univ - Raleigh,,70.7,37.1,100.0,>90,>=50,>=80,>=10,,444.3,21821.0,13.7,10.0,11.0,36.0,,,,,,,,4.307,54.985,,,,,,,,5.416,4.0,675.0,200.5
>100,116.0,North Dakota State Univ,,-50.0,12.0,20.0,<50,<15,<50,>=10,,20.5,,,,,,,,,,,,,7.61,79.140,,,,,,,,,1.0,690.0,257.2
<=100,72.0,Northern Arizona Univ,,39.3,29.1,40.0,,,,,,108.4,18531.0,,,,,,,,,,,,,,,,,,,,,,4.0,600.0,270.8
<=100,105.0,Northern Illinois Univ,,34.7,13.3,20.0,,,,,,68.0,24620.0,9.7,11.0,7.0,7.0,,,,,,,,,,,,,,,,,,4.0,600.0,243.6
<=25,138.0,Oakland University,,68.1,60.0,80.0,>=70,>=60,>=90,>=200,41.4,688.5,17939.0,19.1,8.0,13.0,28.0,141.309,10.0,4.332,10.006,1.0006,93,0.507,4.558,53.020,1413.087,10.0,,,1413.087,182.9,25.0,5.278,4.0,600.0,223.2
<=75,117.0,Oklahoma State Univ,,-11.0,51.8,60.0,>=80,>=30,>=60,>=100,,386.2,,,,,,,,,,,,,4.364,58.017,1553.714,10.0,4.0,,1649.714,76.9,25.0,5.75,4.0,636.0,240.9
<=100,47.0,Oregon Inst of Tech,,35.1,,60.0,,,,,,95.1,20770.0,15.1,13.0,2.0,5.0,,,,,,,,,,,,,,,,,,4.0,600.0,227.2
<=100,41.0,Pellissippi State Community College,,46.6,56.3,40.0,,,,<25,,143.8,16915.0,,,,,,,,,,,,,,,,,,,,,,4.0,600.0,206.8
<=100,95.0,Purdue Univ - Northwest,,61.2,34.0,60.0,,,,,,155.2,15717.0,,,,,,,,,,,,,,,,,,,,,,4.0,600.0,205.9
<=10,8.0,Purdue Univ - W Lafayette,,66.8,41.8,150.0,>90,>=60,>=90,>=200,28.9,753.6,27415.0,5.8,14.0,12.0,35.0,140.196,10.0,7.025,11.591,1.1591,E85,0.441,4.26,53.138,1381.962,10.0,1.0,,1401.962,188.7,25.0,5.225,4.0,599.0,203.7
<=50,52.0,Sacramento State Univ,,67.0,15.9,80.0,>=70,>=30,>=80,>=150,38.5,559.9,15892.0,22.0,14.0,13.0,18.0,150.638,10.0,4.192,9.683,0.9683,100,0.491,4.585,54.458,1456.384,10.0,2.0,,1506.384,137.1,25.0,5.657,4.0,636.0,213.2
<=75,36.0,Saginaw Valley State Univ,,62.9,6.6,45.0,>=70,>=40,>=50,,,283.4,13128.0,25.9,11.0,9.0,17.0,,,,,,,,4.649,60.151,,,,,,,,5.513,4.0,600.0,211.8
<=50,80.0,South Dakota School of Mines & Tech,,46.3,25.0,60.0,>=60,>=50,>=80,>=125,35.1,518.0,19939.0,16.3,6.0,8.0,16.0,154.947,10.0,5.922,9.771,0.9771,E85,0.473,4.67,54.685,1487.469,10.0,3.0,,1549.469,117.9,25.0,5.355,4.0,600.0,222.7
<=100,82.0,South Dakota State Univ,,50.6,14.8,40.0,,>=30,>=60,>=10,,211.7,20427.0,15.6,12.0,10.0,13.0,,,,,,,,,58.790,,,,,,,,5.708,4.0,600.0,203.2
<=75,125.0,Southern Illinois Univ - Carbondale,,24.9,25.2,35.0,>=70,>=15,>=50,>=100,27.4,373.8,20614.0,,,,,164.259,10.0,4.36,10.071,1.0071,93,0.433,4.612,59.744,1600.588,10.0,1.0,,1642.588,79.7,25.0,5.802,4.0,600.0,231.3
<=100,141.0,St Cloud State Univ,,26.8,16.1,40.0,,,,,,82.9,20316.0,,,,,,,,,,,,,,,,,,,,,,4.0,600.0,243.1
<=50,108.0,Temple Univ,,68.0,58.1,80.0,>=60,>=30,>=70,>=10,,394.0,13774.0,25.0,15.0,13.0,15.0,,,,,,,,4.73,56.814,,,,,,,,5.628,4.0,600.0,200.9
<=75,54.0,Tennessee Tech Univ,,71.0,18.9,60.0,<50,>=15,>=50,>=10,23.8,320.8,10188.0,30.0,8.0,9.0,24.0,177.38,7.0,2.957,6.83,0.9757,100,0.414,5.239,59.236,,,,,,,,5.788,2.0,638.0,196.4
<=5,5.0,Texas A & M Univ - College Station,,78.5,66.4,113.0,>=80,>=60,>100,>250,38.7,811.3,16242.0,21.5,12.0,8.0,37.0,133.234,10.0,4.726,10.917,1.0917,93,0.493,4.324,51.357,1300.335,10.0,1.0,,1332.335,227.6,25.0,5.202,4.0,600.0,203.2
<=100,122.0,Trinity Univ,-20.0,31.9,48.6,10.0,,,,,,70.5,10972.0,28.9,5.0,8.0,-10.0,,,,,,,,,,,,,,,,,,4.0,600.0,323.9
<=100,109.0,UP Aguascalientes,,56.6,10.9,15.0,,,,,,82.4,24026.0,,,,,,,,,,,,,,,,,,,,,,4.0,600.0,299.8
<=75,70.0,US Naval Academy,,27.3,14.2,60.0,>=60,>=15,>=60,<25,,258.5,24955.0,,,,,,,,,,,,4.777,58.236,,,,,,,,,2.0,500.0,210.0
<=10,48.0,Univ of Alabama Tuscaloosa,,59.6,59.4,116.0,>=80,>=50,>100,>=200,39.5,744.8,,,,,,,,,,,,,,,,,,,,,,,,,
<=100,100.0,Univ of Arizona,,59.1,51.0,40.0,<50,<15,<50,>=10,,176.6,16501.0,,,,,,,,,,,,8.901,75.377,,,,,,,,6.884,4.0,600.0,225.0
<=75,24.0,Univ of British Columbia,,73.5,19.1,100.0,>=60,>=15,>=50,>=10,,354.1,26175.0,7.5,14.0,12.0,40.0,,,,,,,,4.81,60.116,,,,,,,,,4.0,599.0,214.1
<=25,3.0,Univ of Calif - Berkeley,,80.3,59.5,100.0,>=50,>=60,>=90,>=125,64.7,664.9,19249.0,17.3,14.0,14.0,35.0,155.195,10.0,4.449,7.34,0.734,E85,0.629,4.862,53.170,1427.945,10.0,,120.0,1551.945,116.8,25.0,5.208,1.0,450.0,167.8
<=75,35.0,Univ of Calif - Irvine,,40.9,18.5,60.0,,>=30,>=60,<25,,227.6,19532.0,,,,,,,,,,,,,,,,,,,,,5.602,4.0,600.0,239.0
<=100,39.0,Univ of Central Florida,,53.8,14.3,80.0,,,>=60,,,215.2,22778.0,12.3,11.0,11.0,19.5,,,,,,,,,57.602,,,,,,,,,4.0,636.0,215.5
<=50,60.0,Univ of Cincinnati,,50.5,34.7,80.0,>=70,>=40,>=90,>=10,42.3,432.1,16988.0,,,,,158.041,5.0,1.919,4.432,0.8864,93,0.512,4.504,53.686,,,,,,,,5.545,2.0,689.0,222.3
<=50,103.0,Univ of Colorado Boulder,,67.1,42.0,80.0,>=70,>=30,>=50,>=125,55.1,547.5,,,,,,,,,,,,,,,,,,,,,,,,,
<=50,4.0,Univ of Connecticut,,66.8,69.0,100.0,>=80,>=60,>100,>=10,34.1,552.7,21015.0,14.8,12.0,13.0,27.0,133.325,6.0,2.981,6.886,1.1477,93,0.468,4.32,51.052,,,,,,,,5.159,4.0,600.0,221.4
<=75,86.0,Univ of Delaware,,38.1,17.0,40.0,>=50,>=15,<50,>=25,11.6,246.6,22215.0,,,,,184.989,10.0,4.793,11.071,1.1071,93,0.35,4.879,65.827,1769.894,10.0,4.0,,1849.894,8.5,25.0,5.946,4.0,636.0,226.8
<=50,59.0,Univ of Georgia,,62.5,64.4,80.0,>=60,>=15,>=70,>=100,20.8,496.2,14099.0,24.5,14.0,15.0,9.0,163.456,10.0,4.765,11.007,1.1007,93,0.398,4.799,56.247,1602.557,10.0,1.0,,1634.557,82.8,25.0,5.906,4.0,600.0,220.9
<=50,107.0,Univ of Hartford,,40.0,18.9,60.0,>=50,>=30,>=60,>=50,48.1,405.2,22987.0,12.0,10.0,10.0,8.0,169.766,10.0,3.373,7.791,0.7791,93,0.542,4.923,58.801,1617.658,10.0,3.0,,1697.658,59.1,25.0,5.642,1.0,450.0,176.4
<=100,53.0,Univ of Houston Houston,,58.3,41.2,40.0,,,,,,139.4,,,,,,,,,,,,,,,,,,,,,,,,,
<=50,115.0,Univ of Illinois - Chicago,,81.2,55.6,40.0,>=60,<15,>=60,>=50,22.0,407.1,13248.0,25.7,14.0,10.0,31.5,173.8,10.0,4.413,10.194,1.0194,93,0.405,4.661,58.241,1734.0,10.0,,,1738.0,44.8,25.0,6.311,4.0,600.0,212.3
<=75,88.0,Univ of Kentucky,,55.0,19.6,60.0,<50,>=30,>=50,<25,,269.3,29390.0,,,,,,,,,,,,5.131,60.443,,,,,,,,5.678,4.0,600.0,227.2
>100,142.0,Univ of Maine,,43.9,,20.0,,,,,,63.9,13145.0,25.8,9.0,7.0,2.0,,,,,,,,,,,,,,,,,,4.0,600.0,254.9
<=50,101.0,Univ of Manitoba,,68.7,50.2,75.0,<50,>=30,<50,>=100,51.9,455.1,18960.0,17.7,11.0,10.0,30.0,159.993,10.0,3.452,7.974,0.7974,93,0.562,5.232,70.942,1483.93,10.0,2.0,60.0,1599.93,96.6,25.0,5.606,1.0,450.0,191.0
<=25,56.0,Univ of Maryland - College Park,,81.5,67.6,100.0,>=70,>=50,>=90,>=100,18.0,597.8,21590.0,14.0,13.0,15.0,39.5,163.571,10.0,4.944,11.42,1.142,93,0.384,4.487,53.644,1595.711,10.0,2.0,,1635.711,82.4,25.0,5.393,4.0,600.0,213.2
<=100,123.0,Univ of Massachusetts - Lowell,,71.5,28.1,10.0,,,,,,109.6,21933.0,13.5,14.0,6.0,38.0,,,,,,,,,,,,,,,,,,4.0,600.0,259.5
<=50,92.0,Univ of Michigan - Dearborn,,72.4,19.7,80.0,>=50,>=50,>=70,>=150,40.2,560.4,16679.0,20.9,13.0,13.0,25.5,150.113,10.0,5.782,9.54,0.954,E85,0.501,4.854,56.462,1469.13,10.0,1.0,,1501.13,139.5,25.0,5.43,2.0,600.0,222.3
<=25,22.0,Univ of Missouri,,63.2,50.4,80.0,>90,>=50,>=90,>=150,23.8,629.7,18207.0,18.7,11.0,10.0,23.5,149.264,10.0,5.018,11.591,1.1591,93,0.414,4.229,53.453,1432.636,10.0,3.0,,1492.636,143.5,25.0,5.35,4.0,636.0,206.8
<=25,43.0,Univ of Nebraska - Lincoln,,64.6,55.0,100.0,>=70,>=60,>100,>=175,29.0,680.6,15472.0,22.6,7.0,11.0,24.0,144.808,10.0,6.792,11.206,1.1206,E85,0.442,4.622,51.213,1376.083,10.0,3.0,,1448.083,165.0,25.0,5.248,4.0,636.0,205.5
<=10,2.0,Univ of North Carolina Charlotte,,79.8,75.0,111.0,>=70,>=50,>=90,>=150,73.4,729.0,,,,,,,,,,,,,,,,,,,,,,,,,
<=50,77.0,Univ of North Florida,,61.0,51.3,75.0,<50,>=30,>=60,>=50,26.4,454.1,20141.0,16.0,15.0,13.0,17.0,165.834,10.0,4.374,10.103,1.0103,93,0.428,5.338,57.586,1588.339,10.0,3.0,,1658.339,73.6,25.0,5.645,4.0,600.0,229.1
<=75,46.0,Univ of Oklahoma,,57.9,17.7,60.0,>90,,,>=10,,241.3,25183.0,,,,,,,,,,,,4.264,,,,,,,,,,4.0,636.0,217.3
<=100,87.0,Univ of Ottawa,,56.4,40.7,60.0,,,,<25,,158.1,17732.0,19.4,11.0,12.0,14.0,,,,,,,,,,,,,,,,,,4.0,600.0,226.3
<=75,120.0,Univ of Saskatchewan,,67.6,44.1,35.0,,>=30,<50,>=25,,243.6,17963.0,19.1,14.0,10.0,24.5,,,,,,,,,63.409,1892.251,10.0,10.0,,2116.251,-,25.0,5.696,4.0,600.0,243.1
<=75,71.0,Univ of South Florida,,52.0,14.2,80.0,>=80,>=50,>=90,,,385.5,30122.0,,,,,,,,,,,,4.377,53.334,,,,,,,,5.287,4.0,600.0,222.7
<=50,131.0,Univ of Southern California,,57.7,29.7,121.0,>=50,>=50,>100,>=50,24.1,518.8,24307.0,10.2,11.0,12.0,24.5,177.092,10.0,4.213,9.732,0.9732,100,0.416,4.849,50.599,1390.923,10.0,1.0,360.0,1770.923,33.6,25.0,5.345,4.0,600.0,227.7
<=10,81.0,Univ of Texas - Arlington,,84.4,41.3,105.0,>90,>=60,>100,>=150,62.9,731.5,14536.0,23.9,13.0,13.0,34.5,148.656,10.0,4.713,7.776,0.7776,E85,0.62,4.286,51.314,1398.558,10.0,1.0,60.0,1486.558,146.4,25.0,5.179,2.0,321.0,190.5
<=50,104.0,Univ of Texas - Austin,,88.6,52.4,100.0,>=50,>=30,>=70,<25,,406.3,16901.0,20.6,14.0,14.0,40.0,,,,,,,,5.044,56.048,,,,,,,,,4.0,600.0,212.3
<=50,96.0,Univ of Toledo,,44.0,17.7,40.0,>=50,>=40,>=50,>=100,94.1,453.0,15156.0,23.0,10.0,21.0,-10.0,165.22,10.0,2.396,5.534,0.5534,93,0.784,4.97,59.090,1610.196,10.0,2.0,,1652.196,76.0,25.0,5.54,2.0,471.0,212.3
<=25,29.0,Univ of Victoria,,71.2,43.9,100.0,>=50,>=50,>=90,>=175,26.4,649.6,17904.0,19.2,13.0,11.0,28.0,143.304,10.0,5.062,11.693,1.1693,93,0.428,4.902,52.385,1407.04,10.0,1.0,,1433.04,172.6,25.0,5.373,4.0,599.0,215.0
<=10,124.0,Univ of Wisconsin - Madison,,79.1,48.3,135.0,>90,>=50,>=80,>=150,79.6,749.2,17941.0,19.1,14.0,15.0,31.0,149.56,10.0,4.103,6.769,0.6769,E85,0.708,4.271,54.110,1429.599,10.0,3.0,,1495.599,142.1,25.0,5.3,2.0,689.0,211.4
<=25,61.0,Univ of Wisconsin - Platteville,,52.8,46.5,80.0,>=70,>=50,>=70,>=150,56.8,599.6,19249.0,,,,,151.626,10.0,3.482,8.043,0.8043,100,0.588,4.546,55.738,1474.258,10.0,2.0,,1516.258,132.6,25.0,5.407,2.0,689.0,251.3
<=100,42.0,Universidad Metropolitana,,80.0,16.6,40.0,,,,>=10,,151.7,13363.0,25.5,12.0,10.0,32.5,,,,,,,,,,,,,,,,,,4.0,636.0,259.5
<=100,111.0,Universidad Panamericana Sede Guadalajar,,74.7,42.6,10.0,,,,,,127.3,16099.0,21.7,10.0,12.0,31.0,,,,,,,,,,,,,,,,,,4.0,600.0,296.6
1,65.0,Universidad Politecnica de Valencia,,83.2,50.4,133.0,>90,>=60,>100,>250,64.4,883.7,21408.0,14.2,15.0,15.0,39.0,131.686,10.0,5.256,8.672,0.8672,E85,0.628,4.306,48.878,1292.864,10.0,1.0,,1316.864,236.8,25.0,5.08,4.0,600.0,210.5
<=25,51.0,Universite de Sherbrooke,,66.7,46.4,100.0,>=80,>=40,>=80,>=200,56.4,698.3,16777.0,20.7,12.0,15.0,19.0,139.734,10.0,3.79,8.754,0.8754,93,0.586,4.384,54.897,1393.337,10.0,,,1397.337,191.2,25.0,5.539,2.0,500.0,192.8
<=50,9.0,Villanova Univ,,81.3,59.3,80.0,>=70,>=40,>=90,>=50,21.9,544.6,18502.0,18.3,11.0,14.0,38.0,170.948,10.0,4.494,10.381,1.0381,100,0.404,4.501,52.704,1483.477,10.0,5.0,120.0,1709.477,54.8,25.0,5.495,4.0,636.0,218.2
<=25,74.0,Virginia Tech,,69.7,58.2,100.0,>=80,>=50,>=90,>=175,36.9,674.4,16473.0,21.2,13.0,19.0,16.5,147.88,10.0,4.342,10.03,1.003,100,0.483,4.421,53.015,1396.798,10.0,4.0,,1478.798,150.0,25.0,5.346,2.0,660.0,208.2
<=75,73.0,Washington State Univ,,52.5,54.3,55.0,>=60,>=40,>=60,<25,,334.0,23695.0,,,,,,,,,,,,4.797,58.580,,,,,,,,5.548,4.0,650.0,247.7
<=75,76.0,Washington Univ - St Louis,,63.7,15.9,80.0,>=60,>=30,>=70,>=10,,364.9,23185.0,11.7,9.0,15.0,28.0,,,,,,,,4.78,55.725,,,,,,,,5.6,4.0,600.0,225.0
<=75,97.0,Wayne State Univ,,71.3,53.0,80.0,>=60,>=30,<50,>=10,9.9,343.8,18539.0,18.3,10.0,14.0,29.0,186.405,9.0,4.836,11.171,1.1284,100,0.341,4.744,78.784,,,,,,,,5.705,4.0,600.0,205.9
<=75,66.0,West Virginia Univ,,57.0,40.1,60.0,<50,>=30,<50,,,236.3,23741.0,,,,,,,,,,,,7.295,62.942,,,,,,,,,1.0,450.0,206.8
<=75,132.0,Wichita State Univ,,74.4,11.9,60.0,<50,>=15,<50,>=25,,269.0,23405.0,11.4,11.0,12.0,40.0,,,,,,,,5.13,65.117,2158.993,10.0,2.0,,2206.993,-,25.0,,4.0,600.0,215.0
<=100,62.0,York College of Pennsylvania,,52.2,11.6,60.0,,,,,,123.8,20757.0,,,,,,,,,,,,,,,,,,,,,,4.0,600.0,232.2
<=5,106.0,lowa State Univ,,85.4,35.4,80.0,>=80,>=60,>100,>250,39.3,754.2,,,,,,,,,,,,,,,,,,,,,,,,,
>100,129.0,California State Univ - Chico,,-50.0,14.3,,,,,,,20.0,,,,,,,,,,,,,,,,,,,,,,,1.0,450.0,
>100,114.0,Southern Illinois Univ - Edwardville,,-50.0,17.6,,,,,,,20.0,,,,,,,,,,,,,,,,,,,,,,,4.0,600.0,
